,JUNB,CCL5,S100A4,JUN,KLRB1,FOS,RGCC,ZFP36,GNLY,KLF6,ANXA1,YPEL5,LTB,NFKBIA,CRIP1,CD69,ACTB,FTH1,CXCR4,ZFP36L2,IL32,TRBC1,DUSP1,ACTG1,KLF2,TRBC2,TNFAIP3,VIM,NKG7,LMNA,H3F3B,TSC22D3,EEF1B2,BTG1,PABPC1,RPL21,SRGN,EEF1A1,ZNF331,RPS5,GAPDH,RPS13,PPP1R15A,DUSP2,TRAC,NPM1,RPS12,EEF2,NR4A2,PNRC1
JUNB,0.0,0.05442282514794265,0.006539376645876796,0.07684027248723908,0.009961691160611725,0.11552791549547223,0.0,0.10217942331063651,0.0005099532670492336,0.0008744047789991783,0.006389564032483484,0.0814881999867779,0.004883404823793963,0.026292923724435213,0.014612407557080985,0.020297739051103568,0.0,0.11066825796023196,0.06680878812604843,0.04526398568694758,0.004362643557738756,-0.00527471768607815,0.0876104634846434,0.0,0.022138513826619396,0.0,0.0048404044283056275,0.005977341119427939,0.0,0.0,0.03186311490331663,0.0030402597316036544,0.02453987527552432,0.03277072844045742,0.0,0.0,0.0,0.0,0.12985443412610315,0.0,0.011552482433471695,0.0,0.03333208137546779,0.06690696050062392,0.00040645922697844154,-0.01016413314807765,0.0,0.0,0.07386346008161868,0.007657729633458525
CCL5,0.0295865540473972,0.0,0.05449994462505393,0.0,0.06245066706355745,0.015881605068790015,0.009405683274857171,0.03459736194705201,0.1491585748029752,0.031941212341488896,0.0,0.038389025461719975,0.034741537776262016,0.009332833907069427,0.020057810396455288,0.0,0.0010343882057519686,0.013356800956172117,0.030123195965733124,0.04993175467342311,0.08597292915800443,-0.0035493513435624776,0.0,0.0,0.01158798354863688,0.004314338355818676,-0.00299352747366393,0.04449077631819617,0.47031370978451603,0.00983113119731524,0.0,-0.019805904544233276,0.0,0.0,0.0022536447516082418,0.0,0.0,0.0,0.0,0.0,0.0,0.01160816457665981,0.0,0.09069891807564627,0.0,0.04244662203777591,0.0,0.025071064673770713,0.008148358689151487,0.018124200608577237
S100A4,0.0,0.0568439463738943,0.0,0.0,0.12153383482370655,0.0,0.0021608995178216033,0.008488534956484587,0.061983101766597576,0.05949929855008789,0.06555421138162469,0.06058245504021618,0.020360027518681854,0.0,0.15372110474658018,0.0,0.0863112671748841,-0.000256302032439721,-0.007548754261434402,0.0,0.1436766104862909,0.0,0.0,0.02800954223380269,0.0018832832985548453,0.001548084781258003,0.0,0.07417883123638516,0.012295072046424283,0.15232079886444083,0.0,0.0,0.046169324496464624,0.0,0.056503534480062706,0.0,0.016752612495023994,0.0,0.03319765155136486,0.0,0.09944669099728219,0.0,0.0,0.0,0.042670236751865376,0.0,0.0,0.0,-0.0036227705898214824,0.02171841007654117
JUN,0.10162943168782153,0.0,0.0,0.0,0.0,0.24158534754473832,0.014986351337149392,0.04200302370133983,0.0,0.08264467311039196,0.0,0.0,-0.0006251081547047324,0.008974709729936888,0.0009158826376280938,0.08312399245414243,0.0,0.02442786180688061,0.0017906706092418697,0.0,0.0,0.0,0.1918883482186897,0.001399918998265286,0.0,0.0,0.0,0.0,0.015948383838197803,0.05912842643796068,0.01513986191225733,0.04322186474227244,0.0,0.020193336231473038,0.0,0.0,0.0,0.0,0.0,0.0,0.0,0.0,0.026146188633168834,0.02409119690636442,0.0,0.0,0.0,0.0,0.0,0.0
KLRB1,0.0,0.12493572434471707,0.2038883292980171,0.0,0.0,-0.0006224215124732424,0.0,0.0005337334445553589,0.015023971145682631,-0.009835951509373395,0.013410287631744022,0.054496989939481086,0.12726532134885712,0.06550475272257598,0.034063015945067,0.0,0.0,0.0,0.0,0.010266192694769888,0.04507945422388025,0.0,0.008418873576166854,0.006231700022509224,0.06349774839949583,0.0,0.015233830353671875,0.0,0.0,-0.011790942076989275,0.0,0.005796556049105948,0.0,0.0,0.0,0.007830347214550977,0.0,0.025230148645274054,0.05547671081298344,0.0,0.009854247787798176,0.0,0.0,0.0,0.014346730019554612,0.0,0.0,0.006341489245626746,0.029717798812773907,0.0
FOS,0.12911324380252212,0.00762267298959328,0.0,0.20398444181589304,0.014828898665370785,0.0,0.0,0.09933583816973932,-0.016749892868879453,0.101909618543862,0.002210391257613368,0.014306439106825278,0.0035511598041878434,0.0,0.0,0.06426017134070829,0.0,0.03560298216063637,0.0,-0.011288709666274616,0.00586845454360012,0.002976826254281913,0.23282368318104074,0.0,0.0,0.01786226465668696,0.0,0.0,0.0,0.0055714232103497635,0.026908925857193036,-0.0011718336825359118,0.015231188306952994,0.0,0.0,0.0,0.0,0.019745327903866423,0.0005644582319901921,0.0,0.0,0.0,0.0,0.0,0.0,0.0,0.04970028563923373,-0.001250228941381331,0.008417491752803569,0.03772930116791108
RGCC,0.0,0.009130197430548043,0.0,0.005925437930180746,0.00337521954022451,0.0,0.0,0.029398315138062354,0.0,0.0,0.023030837287484122,0.10351899295707298,-0.009687970234582783,0.041547499267872,0.0,0.012099292335801547,0.03204017392813913,0.0560516635669952,0.034291402050221804,0.0,0.0,0.0,0.0,0.0,0.02555834577217005,0.0,0.043559137735364004,0.018142600631560306,-0.01723267051613931,0.0814751288893996,0.03331459140474484,0.02793793384382509,0.0,0.05062839907818171,0.02337381341220097,0.0,0.0,0.0,0.048829190649680276,0.004866843371884904,0.0,-0.033734228847878626,0.055319128603859576,0.0,0.0,0.016243676446162703,0.0,0.0,0.045738961691892094,0.014483572971278271
ZFP36,0.14642431608211834,0.04700190061529795,0.014672279586885897,0.0491469822744285,0.0085202815846395,0.1071841354609857,0.024258772533440918,0.0,0.022199897877829673,0.00033962195420424965,0.018103992409470027,0.0,0.0,0.043828047899026494,0.010553894608132988,-0.00033539110494290776,0.0,-6.110465157973741e-05,0.012395167274472808,0.02774783338855336,0.0,0.0,0.04912228745121061,0.0,0.0,0.0,0.035642176460153795,0.0,0.0,0.06089610702081707,0.01316324143170755,-0.00156714093322673,0.0,0.006171022238997347,0.0,0.027222389302688534,0.030011869829124207,0.0,0.036751490234969424,0.0,0.004096194576950646,0.0,0.029219820889523962,0.12793784831659022,0.0,0.0,0.0,-0.00779983438059414,0.02108317611339867,0.0
GNLY,0.0,0.13849405384212254,0.05304047870391659,0.0,0.007168898877047981,0.00868302233936984,0.0,0.005437316537900648,0.0,0.0,0.0,0.0,0.030090049760921167,0.0,0.01048697029063376,0.0,0.011615751063644666,0.0,0.0,0.0,0.0,0.0,0.0,0.0,0.0,0.0,0.0,0.0,0.564723520550653,-0.013556913979792662,0.0,0.0,0.0,0.0,0.03542991776629165,0.0,0.0,0.0,0.0,0.0,0.0,0.0,0.0,0.022929753023977147,-0.00046716972556260606,0.0,0.0,0.0,0.0,0.0023792446106621944
KLF6,0.0,0.030010213252335518,0.08313798066735473,0.10386926480990874,0.0,0.12122190684581073,0.0,0.0,0.0,0.0,0.10311223232858056,0.010514834737605694,0.03844531003429351,0.022799905178894214,0.08007069594869595,0.08586214786026974,-0.0018035814696460949,0.00037602157008631413,0.0,0.003150970119535826,0.0,-0.019656668986695134,0.07373168853809789,0.0,0.006788615746555143,0.0,0.0,0.0,0.0,0.0668320573539042,0.07098115469021458,0.0,0.006318717616453039,0.0,0.0,0.0,0.020744026792805376,0.0,0.06949630980947323,0.0,0.018378281684838876,0.02778330631688572,0.01767807070098217,0.0,0.0,0.04138451713956024,0.0,0.0,0.0,0.0
ANXA1,0.0,0.0003151959744833432,0.09858036927015808,0.0,0.02626803983393159,0.0,0.025707293482538092,0.014030266662123838,0.008667235035258281,0.11284853630656595,0.0,0.0,-9.805951361926662e-05,0.02300076505997198,0.1405902219324682,0.031994297387705595,0.008666713305113455,0.02877106396353643,0.0,0.03989083362851625,-0.00954221595795094,-0.005288098501683108,0.0,0.0,0.0,0.0,0.04060547659114543,0.05876875715071324,0.0,0.10146142160145341,0.012753832828254189,0.014907262117076802,0.0,0.0,0.0,0.0,0.02587242431421918,0.0,0.01612169452254119,0.0,0.012964876683998221,0.0,0.03250100649003444,0.012812776097752995,-0.002700055909462066,0.0,0.015347210847054926,0.0,0.0,0.0
YPEL5,0.0851990939212074,0.019045759923888468,0.05958112678408645,0.0,0.03182616131277292,0.005545003346239734,0.06849911534026427,0.0,0.0,0.030398827515714,0.0,0.0,0.007311589547602009,0.0,0.0,-0.002642864876135123,0.0,0.10666617818923368,0.055334676717264386,0.0,0.002896950908086489,0.0,0.0,0.0,0.08292093931221087,-0.002623663658870695,0.05800401851185135,0.0033303238157244342,0.0,0.013896792861411846,0.06454229554406264,0.06990912595416814,0.0,0.06582956586336346,0.056697744590323236,0.0,0.01745025389577388,0.0,0.08497446098276952,0.0,0.0,0.024591448964508687,0.03299059194113093,0.006703710326595366,0.0,0.0036024603273785336,0.0,0.0,0.03695591717995474,0.08070950402336931
LTB,0.0,0.060144134388327455,0.04845481802109267,0.0,0.12307884917748452,0.0,0.0,-0.011374683601082614,0.062171638538404524,0.04770951796146355,0.009092553886696402,0.0,0.0,0.01619350183754196,0.05282641549307308,0.0408368748119835,0.0,0.0,0.0,0.0,0.07572137301066334,0.005227538056833353,0.007411105997277128,0.0,0.007043376863639273,0.018473098497042487,0.036950240975889094,0.0,0.26400290159148976,0.0,0.0,0.007396448310207698,0.0,0.0,0.0,0.0,-0.01248523894199931,0.11303254351318905,0.0,0.0,0.0013522931784337448,0.02936632475937828,0.0,0.0,0.042128544941791926,0.0,0.10839223412920479,-0.007683757496442696,0.008596067075833434,0.0
NFKBIA,0.030446257780953247,0.03268647092059164,0.0,0.016865142017291345,0.060632460786849154,-0.014719455361475644,0.04606951799395244,0.07160694865077985,0.0007764068639331019,0.028442670333437236,0.021774704002887862,0.0,0.00762689459006931,0.0,0.0,0.0565593768152661,0.0,0.035875808579390836,0.03335478565771368,0.05103701947977852,0.0,0.00446953703495549,0.00885859359653638,0.0,0.0,0.0,0.10146591480863792,0.0,0.0,0.0731064100127007,0.0270140589606987,0.01709968204712583,0.0,0.008677249905934784,0.0,0.0,0.05204587406949481,0.0,0.0,0.0,0.0,0.0,0.05421072783924402,0.04314797352294535,0.010608998005293005,0.0,0.0,0.0030743987370054513,0.00773069141908083,0.08297769419756064
CRIP1,0.0,0.0,0.2329334247317384,0.0,0.035162241460233334,0.0,0.0,0.0,0.009553638698715495,0.08951814295529545,0.13798554707328822,0.0,0.03570778143598025,0.0,0.0,0.0,0.042858876370560885,0.050191157773266507,0.007362744083929676,0.022077139605245582,0.02526617893815533,0.0,-0.004814797261401319,0.009156986384475721,0.0,0.018066379936367647,0.0,0.10623598001624814,0.0,0.06430139338824005,0.0,0.0,0.0,0.02240429655844459,0.0,0.0,0.012347035487604177,0.0,-0.0032052831709826813,0.0,0.038361588839332446,0.0,0.0,0.0,0.0,0.0,0.0,0.0,-0.0021923974516584255,0.0
CD69,0.030008883136155507,0.0,0.0,0.0940651930836016,0.0,0.08516750877008206,0.020014711541712787,-0.0006615115191870727,0.001680691770343736,0.075668186687457,0.022019488155265013,0.01143312656899792,0.05171434120806378,0.055591516185395026,0.0,0.0,0.0,-0.005781133344274329,0.0,0.0,0.0,0.0,0.08511233345646889,0.0,0.020843923415762914,0.0,0.01910805121480331,0.012134857845980175,0.0,-0.019429963927715118,0.06724355422161295,-0.0020456049909605254,0.0,0.032945893067496554,0.0,0.0,0.04347981785437212,0.0,0.0,0.0,0.0,0.0,0.03065656438628321,0.004606647159217836,0.0,0.0,0.0,0.0,0.044458803029206004,0.05830525434337077
ACTB,0.013158125515925307,0.0,0.05820423207849569,0.0,-0.002174740656208126,0.0,-0.010118081901887156,0.0,0.012608743554874902,0.0,0.008270471901364661,-0.0073309036435515625,0.009774441315639105,0.0,0.016626321345260826,0.0,0.0,0.020910706210664976,0.0,0.0025853998972776297,0.06790496344346152,0.03705498044170503,0.0,0.3525306262637997,0.0,0.022505788438876354,0.0,0.04813011478356462,0.12125905430988367,0.01667544491193645,0.030769511000759375,0.0,0.0,0.0,0.0,0.03437155708953285,0.006329850024380079,0.09832536721817944,0.0033001296613441207,0.0051704512328112,0.09265008225317732,-0.005263949440091916,0.0,0.0,0.09878890911143204,-0.004410318544188571,0.0,0.0,-0.004193913982525397,0.0
FTH1,0.1333524834392419,0.017505299655888366,0.011035711328875855,0.026994507770454475,0.0,0.035572968106398074,0.03883553832508683,0.016722724738117253,0.0,0.017099752624046366,0.032993200034949495,0.11186119005769399,-0.00010605946143152703,0.02833145316281702,0.056032822286301597,0.0,0.029405644339517714,0.0,0.028809368960869813,0.01663702922295923,-0.009828288868921082,0.014727813472680214,0.0,0.0,0.0,0.0,0.035123856976871794,0.0465385149764821,0.015766989246489133,0.052315090415807015,0.046020920960092394,0.023046432058218644,0.0014451808257833247,0.012184312267779981,0.048899391586262095,0.019985033096400994,0.08158858043805989,0.04091184754268479,0.029461595290428542,-0.01977631782955896,0.03166464758680747,0.01787669631282079,0.009318652653747246,0.0033404629534651417,0.0,0.015791322795614696,0.02653620873315385,0.013361828228765903,0.039407255091352074,0.030776195697121957
CXCR4,0.11297605379379728,0.07517851132094508,0.0,0.0002033285433723041,0.0,0.0,0.039556797681299535,0.025197404216330467,0.0,0.0,0.0,0.08327180684886017,0.0,0.03487716621328433,0.0,0.0,0.0,0.03480148118799036,0.0,0.03853402139240551,0.0,0.005603820412678829,0.0,0.0,0.07092877419676823,-0.00027980959982302795,0.05154423109581967,0.0,0.0,0.004962539525225683,0.00928553873428945,0.0704361547839823,0.0,0.08243233868064123,0.011722007497330761,0.0,0.011700072822167364,0.0,0.03743252016100767,0.0,0.011552223718852983,0.007960901499443552,0.0,0.026921742740619016,0.0009680694816018709,0.0,0.0,0.0,0.031105346656498632,0.038266834271092835
ZFP36L2,0.08777364883265279,0.030867440296888832,0.0,0.0,0.024715578423644028,0.0,0.0,0.04793818210460977,0.0,-0.0232189891825271,0.037311236685788216,-0.009515001123545782,0.0,0.05642274299447927,-0.005520563101747834,0.0,0.0,0.022007775096568028,0.03644838313340836,0.0,0.005283031480057205,0.0,-0.0040716531583976315,0.0,0.011141630633769443,0.0,0.06353433260929162,0.0,0.01344940106254268,0.024086321025041105,0.007821219448848287,0.03773471596565621,0.004162449579716454,0.03390118823791576,0.023188514035543135,0.03747080971730599,0.0,0.03351927403092302,0.02631658897444995,0.0,0.0,0.0,0.015007737293723785,0.03460383755475635,0.012114958157789008,0.0,0.0,0.0,0.016392629668806016,-0.015170254667040965
IL32,0.0005511464928400823,0.10917379777459742,0.21089910585926377,0.0,0.04816810530511972,0.0,0.0,0.0,0.0,-0.02638775115381955,-0.011663347579492549,-0.007119787447525373,0.08584872707558878,0.0,0.018124276302345806,0.0,0.11391261326041123,0.0,0.0,0.0,0.0,0.004464046088838205,0.0,0.0,0.0,0.028105535518678657,0.0,0.009531761937192707,0.0,0.020114341574333824,0.0,0.0,0.0,0.0,0.0,0.0,0.0,0.0,0.029775203971849504,0.0,0.01005552511306179,0.0,0.0,0.0,0.08057913534575473,0.0,0.0,0.0,0.0,0.0
TRBC1,0.0,0.0,0.0,-0.0022043690393063753,0.0,0.0023856102564870944,0.0,0.0,0.0,0.0,0.0,0.0,0.0,0.0,0.0,0.0,0.09229723597804239,0.036359985922402326,0.008048972758717443,0.0,0.015605735835284842,0.0,0.0,-0.0092224559390695,0.003129237360735653,0.13651300447787637,0.0,0.0,0.005388368757527634,0.002798533516763755,0.0,0.0,0.013778366493061113,0.029185352835992263,0.007909615842117803,0.1120979737530188,0.0,0.0,-0.008239162360529712,0.0,0.005923173688190455,0.0,0.0,0.0,0.05677666397685943,0.03697174534361538,0.0,0.0,0.0,0.014048888247324295
DUSP1,0.10420112059756462,0.0,0.00895020522632499,0.15815870677183425,0.005501596220916266,0.24303983662738587,0.0,0.04223344038853251,0.0,0.06188342843959405,0.0006381116268579704,0.0,0.007507748618380021,0.005994286219097306,0.027341117406126735,0.06646531308477208,0.0,0.0,0.0,0.0,0.0,0.005447695814734968,0.0,0.0,0.012497030638713087,0.0,-0.0008244397815315621,0.0,0.0,0.0,0.044449814487960586,0.04021987237095801,0.0,-0.007710783361392682,0.0,0.0,0.0,0.0,0.0,0.002239537211711657,0.0,0.0,0.020274202918908787,0.01640644578167054,0.0,0.0,0.0,0.0,0.0,0.0012679297344636404
ACTG1,0.0,0.0,0.03187327969550539,0.0,-0.013403811672156991,0.0,-0.007869342228474624,0.0,0.0,0.0,0.0,0.0,0.0,0.0,0.008169057354055757,0.0,0.4396983865823256,0.0,0.0,0.014094050298044902,0.0,0.0,0.0,0.0,0.0,0.02346657614603509,0.03521058453555186,0.06174378767760588,0.0,-0.01493363993530134,0.0,0.0,0.01886233738791793,0.0,0.0,0.0,0.03347556411349675,0.01812753936812211,0.0,0.023310154660480604,0.05784790378359081,0.0,0.0,0.0,0.014102780699739017,0.06727780255034368,0.0,0.05309380998456509,0.0,0.0
KLF2,0.03459990380576802,0.009291326005517563,0.0,0.0,0.057264879956918736,0.0,0.023815197389978275,0.0,0.0,0.014098416989790658,0.0,0.1193627147557528,-0.002794984220354464,0.0,0.0,0.017783339952747824,-0.0008378452869607306,0.0,0.06981716528083504,0.011700565292295956,0.0,-0.001910173555889909,0.018454660228563197,4.753759013543042e-05,0.0,-0.015133498005773753,0.0,0.0,0.0,0.07768501547049099,0.05784714121321849,0.10986537351611975,0.028403657272327257,0.013350913999694541,0.030012826846077596,0.0,0.019686132459076765,0.0,0.04232054646916049,0.0,0.0,0.0,0.0,0.014994218344824032,0.00630786742831821,0.04056707228357755,-0.023584970390786324,0.0,0.04386766883895239,0.07168806988806266
TRBC2,0.0,0.0,0.0,0.0,0.0,0.0,0.0,0.0,0.0,0.0,0.0,0.011435085719856547,0.01776823157659558,0.0,0.029215134167703202,0.0,0.053122475412884375,0.0035616846017261657,0.0010239118825680188,0.0,0.0405641605054469,0.13119289421301886,0.0,0.03223941671472465,0.0,0.0,0.0,-0.0009403913460702355,0.0,0.0,-0.0014734954448013206,0.0,0.0,0.026967819507330154,0.0,0.0,0.0,0.09379468627119077,-0.0029897292030558287,-0.016967773853243696,0.03403906766031475,-0.008359864293825509,0.0,0.0,0.055505754507151304,0.01684157464459437,0.0,0.02711830848038119,0.0,0.0
TNFAIP3,0.016885472404242832,0.0,0.0,0.0,0.01943260439487299,0.0,0.04743883877430424,0.04542383874197465,-0.002874913713917132,-0.016267063744454417,0.029951822518505776,0.09005067429611915,0.041435465398260755,0.09821200202351306,-0.010688629465508222,0.012678817284081522,0.0,0.04983922869367466,0.05166514037689879,0.058560050683253616,0.0,0.0,-0.004736501398228941,0.031124730811492758,0.004051061744349702,0.0,0.0,0.0,0.0,0.0718116866720407,0.016938272872190803,0.014039161749727193,0.0,0.0416634255621205,-0.022146219231176083,0.0,0.022007842094515066,0.0,0.029690191650581364,0.025638096092190702,-0.004319351096749039,0.0,0.010677802450008326,0.0,-0.002235836262951632,0.0,0.0006293657578985435,0.0,0.02686874103802098,0.056254176823688884
VIM,0.0,0.060045014337237926,0.10322390011475292,0.0,0.0,0.0,0.020652656785342016,0.0,0.002344933459166032,0.0,0.07126219171049274,0.0,-0.003631418370912653,0.0,0.11055525110556602,-0.02669586713117225,0.061681627159102526,0.05830849945116371,0.0,0.0,0.013746810709003654,0.0,0.0,0.05530012287984538,0.0,-0.008327448176501,0.0,0.0,-0.02265904171242186,0.050117479041101774,0.0,0.0,0.016228160608976083,0.0,0.019860591035909994,-0.003944857068719589,0.0,0.032194822872139595,-0.010778079229844327,0.06107063338069505,0.08203984928878165,0.0,0.0004553550707031898,0.0,0.0,0.05250445452531064,0.029533419406964443,0.0,0.0009847758038369096,0.0
NKG7,0.0,0.3419701986375345,0.015482662604178167,0.003928381826688568,-0.009875859315798622,0.020594218180736132,0.0,0.0,0.4175503999800389,0.0,0.0,0.0,0.11620002243772262,0.0,0.004743041245258734,0.0,0.09111370055626644,0.0,0.0,0.010884079768156385,0.0,0.006751112827536687,0.0,0.0,0.0,0.008502689653288618,0.0,0.0,0.0,0.035164334725605866,0.0018396365517533543,0.0,0.007070480535296494,0.0,0.00017897986222742036,0.0,0.027374969611366935,0.0,0.005487709078455012,0.0,0.01383825917994621,0.05270309495389823,0.0,0.03081723121824897,0.0,0.0,0.0,0.0,0.0,0.0
LMNA,0.0,0.0,0.2092294100590378,0.03841266726339468,0.0,0.0,0.07049951708800908,0.09490862290703322,0.007488161044270711,0.06755704259484933,0.09666371016931696,-0.019363693502456425,0.0,0.07276015204249886,0.06252407320667754,0.0,0.005070519448240729,0.04495525026140422,0.0,0.022183880846805535,0.024174399007726378,0.010869450021076458,0.0,-0.0011572791012537421,0.08650089375543174,0.0,0.07551235358956399,0.03615790312882232,0.06413116891158166,0.0,0.0,0.0,0.009533071826296872,0.0,0.0,0.0,0.04234057645380725,0.0,0.0,0.005620497097310096,0.0,0.02610217132762468,0.02526411092509269,0.0006504541140217365,0.025563252520098854,0.025184041787858998,0.08347476844061971,0.0,0.0,0.0
H3F3B,0.03814281795501975,0.00358950570999377,0.0,0.023587363761240862,0.0,0.04207187972426726,0.028752342794737692,0.005455517837855001,-0.00032831311384547547,0.05765565306624621,0.007115665423125436,0.08227178799860763,0.0,0.019550270559882257,0.0022557410780053126,0.053134744267241074,0.03902668239607371,0.043306112664721105,0.013540720421679106,0.005136934391690535,0.0,0.0,0.045151672045974325,0.00542863689450565,0.05157965215618094,-0.009182489295221419,0.015651547480208975,0.0,0.021223624256313384,0.0,0.0,0.022038431446851765,0.0,0.02317431814923571,0.0,0.0,0.05530312288709138,0.011140131100371927,0.0,0.0,0.050857622234285804,0.0,0.05321064915758887,0.03829923942178498,0.0,0.019712549203530706,0.0,0.0,0.027443873427591147,0.02186033478437232
TSC22D3,0.009412873177768497,0.0,0.0,0.06105988952408833,0.007214514092308284,0.01393988981794039,0.03489496331544775,0.0,0.0,-0.003234011940299563,0.005782045231437887,0.11890113831054067,0.02188237501637062,0.013693343391192011,0.0,0.0032527878278062455,0.0,0.033234722027250495,0.07275273657163736,0.03523159479005338,0.0,-0.006660090374299476,0.05704704370842207,0.0019897340367267357,0.11428080079468035,0.0,0.016392939649203644,-0.004670518950298311,0.0,-0.003708838636483084,0.02438255975713431,0.0,0.0,0.08930495013756963,0.019725170002646956,0.0,0.0,0.0,0.0,0.0,0.0,0.0,0.021508700317767346,0.007001470020024934,0.0,0.022355415915469343,-0.014159191184618967,0.014927258710133144,0.0,0.0791061238847566
EEF1B2,0.003439866614173327,0.0,0.036073470868163135,0.0,0.008079568663967017,0.00011625105700278266,0.0,0.0,0.0,0.0001101868375343157,0.0,0.0,0.0,-0.0010041522253425323,0.0,-0.008322610662664529,-0.0006508438296663356,0.0,0.0,0.0,-0.004694527600199488,0.005670140377639752,0.0,0.011881113068532439,0.016608968286429115,0.008372895723180413,0.0,0.006045135774934419,0.0075995639249497905,0.0,0.0,0.0,0.0,0.0,0.08028028204342544,0.1568542719990742,0.0009177213795215341,0.10398356709923247,0.0,0.14448256190978126,0.0,0.0577548001047217,0.0,0.0,0.0,0.03601278845275587,0.11761746703875296,0.07271989725678367,0.0,0.0
BTG1,0.06362963297075348,0.0,0.0,0.021839618659990154,0.0,-0.010564119682401178,0.051105577887062686,0.018683022175093805,0.0,0.0,0.0,0.09626076892104088,0.0,0.012074446401796998,0.0007283806832881611,0.036304167264214295,0.0,0.01737119578069208,0.0779823120967496,0.03223278481352019,0.0,0.009522561427406111,0.0,0.0,0.013431929186939627,0.011636908515504312,0.03986468804437241,0.0,0.0,0.013607713065202438,0.02536118384683757,0.0788445113701485,-0.0005570115359121495,0.0,0.012678169669449986,0.06093962687268139,0.022810072079679132,0.055792994213665424,0.04210112440663484,0.0074576685299447025,0.0,0.014353861199447536,0.0,0.008734535902273511,0.00034543817852186384,0.0169172217097402,-0.04755560121378243,0.0,0.017058366504685268,0.05649567906433533
PABPC1,0.0032761022274293266,0.0023663292665729472,0.036330039959164125,0.0,0.0,0.0,0.012956037054116168,0.0,0.03315845621665509,0.0,0.0,0.056561000777409706,0.0,0.0,0.0,0.0,0.0,0.041668796151714114,0.01450816534282802,0.011669116665492085,0.006388531222834679,0.0019218103668990271,0.0,0.00491901226983547,0.020325701094587728,-0.004826077087491511,0.0,0.00888409271205186,0.0,0.0,-4.972962954882377e-05,0.011969213141709413,0.06701738235222626,0.005348313721116162,0.0,0.05277289372684253,0.009416020744894268,0.11944782370946443,-0.006890064492614903,0.07478666708960276,0.012945677847509069,0.08299697348773127,0.010078377778057852,-0.003464059562389453,0.008018567797963302,0.06278862762514772,0.012018244745631918,0.07796573280244712,0.037099529639154166,0.008847828587316468
RPL21,0.0,0.01809376139977155,0.01092494092601095,0.0,0.043054118399888326,0.0,0.0,0.024048252064369405,0.01275363507624909,0.0,0.00765921987610856,-0.0074514077147231385,0.016714479656671492,-0.0005675491301502045,0.0018276945810730973,-0.00023152989192678242,0.0008687571455579237,0.0012995835510574761,0.0037901574644442423,0.008580873090826504,0.006054375592730813,0.015071092045058654,1.1542795769167377e-05,0.012336421107242104,0.0,0.0,0.0,0.008689726355343827,0.013000929139329544,-0.011104613084272115,0.016369054603235927,-0.0022316753641610436,0.04648097732630968,0.015770499108273286,0.013587408045634323,0.0,0.0035088446323154263,0.4201970562350734,-0.00498721151870867,0.12058007661223377,0.010528917152172286,0.17997742831088137,0.0012495522026862889,-0.00349462027866151,-0.0003761952361751725,0.0,0.19404503007409846,0.004207881062207529,0.0,0.0
SRGN,0.0,-0.002561284896876797,0.004149559050040746,0.0,0.0,0.0,0.004733537703523295,0.0382509735601986,0.0,0.007964132430949702,0.02404462793427922,0.03287973168764918,0.0,0.05434297381795994,0.012172808368604234,0.04019663437109987,0.005720256118635116,0.10830003733515173,0.010410216850513772,0.0,0.0,0.0,0.0,0.0359417316261547,0.020926918070203013,0.0,0.024181064784495866,0.0,0.031065787382689492,0.04212553256118012,0.057271601759910674,0.0,0.009854899223384107,0.014219671771338066,0.0,0.0,0.0,0.0,0.035532014107377746,0.0,0.02864611633554002,0.0,0.05738654779728982,0.0026983212234719858,0.020277297250569423,-0.003076999484705959,0.02846581946895648,0.0,0.049613177711868905,0.055641334463591506
EEF1A1,0.0,0.008732947491647422,0.029727866055050407,0.006961419061930736,0.04130503317699931,0.0005570307619717518,0.0,0.0,-0.002993374746267436,0.005459128351082562,0.013339360160689385,0.008580318252817682,0.029429769020166214,0.0009026303799810101,0.0,0.010032146722624351,0.03207324778108908,0.008104423723474977,0.008076494060295845,0.004227472108490391,0.0013021442766425115,0.0,-0.0004085637965780777,0.014247163856033303,0.0027307787815708407,0.015634842139025943,0.0,0.006290559771437836,0.0,0.008340408244018556,0.011856613953211099,-0.0023680392617171065,0.03081817373878544,0.014322689635093783,0.0464985586553726,0.3228606280769223,0.0,0.0,0.004479681229888528,0.13872792870747006,0.011290299398438319,0.06923524952282518,-0.01873700248534363,0.0015276583183553656,0.006786458138280132,0.03943907903001795,0.20123464591816234,0.10225025308680265,-0.010704570293096483,0.011233500629642889
ZNF331,0.22916530211485536,0.0,0.048330470937061276,0.0015804842008200538,0.043618581919387854,0.00711088708853495,0.04124466071471218,0.031468331672771764,0.0,0.07983406647951681,0.026940914191104167,0.11761086055214806,0.0,-0.01858887108523849,0.0,0.004503724315228801,0.0,0.03188741910232067,0.03441169603042797,0.019766193320425222,0.024168293000010364,0.0,0.017649683395337137,0.0,0.0429173973134845,0.0,0.018061240442812498,0.00915069881193521,0.012825543650101509,-0.007705312427596537,0.0,0.0,0.0,0.036158645126749454,0.0,0.0,0.02121346509273555,0.0,0.0,0.0,0.0,0.0,0.0,0.029186069865943437,0.0,0.035304124835075834,0.0,0.0,0.09059913081680337,0.011684141052256932
RPS5,0.0,0.00878871661034268,0.011250531436610802,0.0,0.0,0.0,0.007315158104958425,0.0,-0.002936313591127883,0.0,0.01805654095623468,0.0,-0.0018724628807724275,0.0,-0.001388855235193343,0.0,0.001996568982188494,0.0,0.0038156243780504084,0.0,0.0,-0.0103521128686076,0.01897741523763559,0.016283607977928525,0.0,-0.00507757012193071,0.008042317385097674,0.01863239989922585,0.0,0.004022204189626021,0.0,0.0,0.0763342061742066,0.00325674534328963,0.04380623857701971,0.18389538772913863,0.0,0.2016610468570616,0.0,0.0,-0.002408568053034596,0.09758079908306316,0.0,0.0,-0.006013175877651785,0.03390380043514442,0.17019353594903092,0.030150516979629633,-0.0015699930736593627,0.0016134371550793791
GAPDH,0.0,0.008368950986490988,0.12089633957821777,0.0,0.015982033379557215,0.0,0.0,0.0,0.0,0.01578141036750767,0.0144671108552202,0.0,0.0,0.0,0.02384068638742721,0.0,0.12829483014236512,0.020815675568295493,0.009001074208673063,0.0,0.004541273145036379,0.0,0.0,0.06970063724588192,0.0,0.01540718857607285,-0.0071309981086930315,0.07510685489453983,0.0001378453472372903,0.0,0.05185106572552477,0.0,0.0,0.0,0.016758951970734307,-0.005025666639324119,0.033868397857390334,0.006792293115126986,-0.022421111601237553,0.0,0.0,0.0,0.0,0.0,0.0,0.002511557900008865,0.0,0.06390221110876342,0.0,0.0
RPS13,-0.0027098372472972696,0.03791188779221408,0.0012768243622662725,0.00033409495456671886,0.0014889376041493751,-0.0013117664674539705,0.003975632918845444,0.0,0.008592257992476204,0.015822217527385055,0.009630296391842411,0.016489442300855726,0.016376031787137726,0.0,0.002682030771741822,-0.006043349587439032,0.0,0.0,0.010996791805765299,-0.012002422846814638,0.002799389352279397,0.0,0.026357721590921146,0.00979569579404342,0.0,0.0,-0.005863370538243675,0.0,0.05604113052953073,0.016738921564629427,0.003349436666716876,0.0036854660003996648,0.025950553336743,0.010200768892759905,0.04180369359841778,0.26750934413376554,0.0,0.10866087617598526,0.0,0.09040853685239635,0.0,0.0,-0.0020047715039593953,0.0,0.0,0.02592467620147661,0.2986110820962432,0.016251473655626042,0.0,0.017403976659012135
PPP1R15A,0.0625667005560766,0.0,0.0,0.04436785229551677,0.0,0.012702672246689464,0.053599448948205876,0.0409355242391317,0.0,0.019521219675464167,0.028141813227897185,0.05080311710184215,-0.00018648197230899987,0.0554279485639856,-0.004929885262371772,0.03318639645520903,0.0,0.010011549396474619,0.0,0.012680756788596911,0.0,0.0,0.02662346222270093,0.0,-0.009990259613660003,0.0,0.008706142397136036,0.005828238680772729,-0.0006917669007019758,0.01971719026369584,0.07769209399742505,0.01907040320068258,0.0,-0.0006360001110725287,0.021955004988931038,0.0,0.05932168642654824,0.0005255326050053196,0.0,0.0,0.005130893869842028,0.0,0.0,0.0069142364077685176,0.0,0.0,0.0,0.0,0.013196622000001141,0.04690587236963632
DUSP2,0.16822040531283616,0.13735922516605822,0.0,0.021434681782402838,0.0,0.0,0.0,0.18383045768905706,-0.018037333762862925,0.0,0.005389198862191058,0.004940479982621417,0.004061589568547322,0.04529738935269636,0.0,0.009884523179560938,0.0,0.0006929265507914132,0.019413578489230875,0.028301900310685506,0.0,0.004624211668771841,0.026144458103724576,0.0,0.008605808731187695,-0.00045184495708088445,0.0,0.0,0.0289202269047698,0.0017091417195838265,0.0562917495554373,0.0,0.0,0.0,0.0,0.0,0.009518632095778254,0.0,0.0425109607036722,0.0,0.0,0.0,0.010477708512296879,0.0,0.006404769656175537,0.0,0.0,0.0,0.037267613826601625,0.0
TRAC,0.0,0.0,0.04339720689637641,0.0,0.0009474033211615136,-0.005909160880306281,0.0,0.00037944529768470746,0.0,0.0,0.0,0.0,0.053855513293762064,0.013714585975009602,0.0,0.0,0.1675043480521947,-0.004384656554348406,0.0,0.0,0.08586960758652379,0.03787437494621242,0.0,0.01610666413979351,0.006205363516814817,0.04363265285931436,0.0,0.0,0.0,0.012914995237240432,0.0,0.0,0.0,0.0,0.00788084241432846,0.04056807046720665,0.012649400345811032,0.03487248021734182,0.0,0.006366646872266126,0.0,-0.0058208187672242045,0.0,0.014580015112036921,0.0,-0.03605644147161547,-0.01772223916110396,0.01216798540923064,0.0,0.0
NPM1,0.0,0.04472923117813831,0.00416663242135526,0.0,0.01571205725048004,-0.013008792465229329,0.013065387399951542,0.0,0.0,0.029803697903437187,0.00443469235810375,0.011415795576051886,0.0,0.0,0.011986184788452058,0.0,-0.01535390155386462,0.009152323188280189,0.0,0.0,-0.004533236616161216,0.008364864561473317,-0.014682687592918188,0.04851465906817293,0.03376251418424271,0.0018944262797875309,0.0,0.03205842063667946,0.0,0.019816998985736304,0.012371345918624866,0.022519437442978987,0.032913473830440076,0.013656532292496084,0.08182413612189524,-0.04013140109789184,0.0,0.126769943441477,0.029953290102104554,0.07412420249215425,0.0,0.0482086077423325,0.0,0.000972843781680088,0.0,0.0,0.04446354015046072,0.07727903955351939,0.0,0.01270220734752409
RPS12,0.0,-0.004310505224862001,0.0,0.004796088529494371,-0.0015397418566143453,0.01679698292094155,-0.00024359736408105092,0.0,0.0,0.0,0.0318013641952309,0.0033507280457368625,0.03300341748363848,0.0004905568799913012,0.01036755231013628,0.0022144687510056256,0.0,0.0064558177695801695,0.0,0.0,0.00804296129988501,0.0,0.004505439511080323,0.006141599300662556,0.0,0.0008605391007316433,0.00013279000533010906,0.0069607106604111305,0.0,0.015945712337530178,0.0,0.0,0.038574296092701174,0.0063333825073860605,0.0,0.1783754607466272,0.008393226699596594,0.22383157664344683,0.0,0.11988075473971128,0.0,0.23173472734126574,0.0,0.0,-0.009092673598663382,0.014780623507073697,0.0,-0.002529036450066055,-0.0014821694755238605,0.0
EEF2,0.004467739165698455,0.028354885673471313,0.0,0.0,0.0028449240420856045,0.0,0.0,0.0,0.0,0.0,-0.009715659924580202,0.0038236602930320474,-0.0036611748286628928,0.009560507445545336,0.010516487850393373,-0.003951310765482635,0.006414053964605467,0.019019914457360565,-0.0013926892126553837,-0.002043538001500525,0.0,0.0,0.0,0.04146306173879308,0.0,0.012798302616719244,0.0,-0.010469577181102321,0.0,0.0,0.0,0.012043961282272099,0.06676363590499157,0.0,0.10857599645032345,0.0060271334155837,0.0,0.35072831212471994,0.0,0.057587427835331384,0.03893918701867514,0.01572851986747652,0.0,0.0,0.00659028522734135,0.07442703393545104,-0.0013445509047561909,0.0,0.0,0.021653555391574462
NR4A2,0.12375352884622536,0.02781261456954542,0.0,-0.00515477760349696,0.027293805013743063,0.00493743356264416,0.05198737111278965,0.030957717782726175,0.0,0.0,0.0,0.0619441760426569,0.02095186128347371,0.011683011880939061,0.0,0.04124382263404713,0.0019109031810997292,0.03514055115151043,0.03226509399172534,0.014113038554898137,0.0,0.0,-0.0016974139377031548,0.0,0.04130141634360326,0.0,0.030365969705403888,0.009450835498433658,0.0,0.0,0.03037200694765446,0.0,0.0,0.007219115209472899,0.013484319199191564,0.0,0.037469741569530444,0.0,0.09427450741930955,0.0,0.003806065259084435,0.0,0.013818084743452148,0.032344229830613906,0.0,0.0,0.0017922799637983397,0.0,0.0,0.022553132275403766
PNRC1,0.0,0.0,0.027800557463998895,0.0,0.0,-0.009424044625758129,0.011067974195831097,0.0,8.031091156836405e-05,0.0,0.0,0.09790739038406057,0.0,0.07306393124018454,0.0,0.04638131117715268,0.0,0.032876580060011235,0.02999962108923427,0.0,0.011920124875585615,0.006632511818617078,0.0,0.0,0.06299107992066598,-0.0023759700516678573,0.042358371955463534,0.0,0.0,0.0,0.012558739624806317,0.05313221831150919,-0.013917178797045359,0.050409204474179826,0.002188146734275774,0.0,0.04921850620400993,0.020405414126148817,0.01641585335901637,0.0,0.0,0.03907904662021281,0.03803904810322257,0.0,0.0,0.015750757152607747,0.0,0.011337460289449049,0.021412697587150777,0.0
